<?xml version="1.0" encoding="UTF-8"?>
<!DOCTYPE mapper PUBLIC "-//mybatis.org//DTD Mapper 3.0//EN"
	"http://mybatis.org/dtd/mybatis-3-mapper.dtd">
<mapper namespace="com.ezen.spm17.dao.IadminDao">
	<resultMap id="adminMap" type="java.util.HashMap"></resultMap>
	
	<select id="checkAdminLogin" statementType="CALLABLE" parameterType="java.util.HashMap">
		{CALL checkAdminLogin(#{id},
			#{ref_cursor, mode=OUT, jdbcType=CURSOR, javaType=ResultSet, resultMap=adminMap})}
	</select>
	
	<select id="getAllCountProduct" statementType="CALLABLE" parameterType="java.util.HashMap">
		{CALL getAllCountProduct(#{key}, #{cnt, mode=OUT, jdbcType=INTEGER})}
	</select>
	
	<select id="getProductList" statementType="CALLABLE" parameterType="java.util.HashMap">
		{CALL getProductList(#{startNum}, #{endNum}, #{key}, 
			#{ref_cursor, mode=OUT, jdbcType=CURSOR, javaType=ResultSet, resultMap=adminMap})}
	</select>
	
</mapper>
