<?xml version="1.0" encoding="UTF-8"?>
<!DOCTYPE mapper PUBLIC "-//mybatis.org//DTD Mapper 3.0//EN"
	"http://mybatis.org/dtd/mybatis-3-mapper.dtd">
<mapper namespace="com.ezen.spm17.dao.IcartDao">
	<resultMap id="cartMap" type="java.util.HashMap"></resultMap>
	
	<insert id="insertCart" statementType="CALLABLE" parameterType="java.util.HashMap">
		{CALL insertCart(#{userid}, #{pseq}, #{quantity})}
	</insert>
	
	<select id="selectCartList" statementType="CALLABLE" parameterType="java.util.HashMap">
		{CALL selectCartList(#{id}, 
			#{cartList_cursor, mode=OUT, jdbcType=CURSOR, javaType=ResultSet, resultMap=cartMap})}
	</select>
	
	<delete id="deleteCart" statementType="CALLABLE" parameterType="java.util.HashMap">
		{CALL deleteCart(#{cseq})}
	</delete>
	
	
</mapper>