<?xml version="1.0" encoding="UTF-8"?>
<!DOCTYPE mapper PUBLIC "-//mybatis.org//DTD Mapper 3.0//EN"
	"http://mybatis.org/dtd/mybatis-3-mapper.dtd">
<mapper namespace="com.ezen.spm17.dao.IorderDao">
	<resultMap id="orderMap" type="java.util.HashMap"></resultMap>

	<insert id="insertOrder" statementType="CALLABLE" parameterType="java.util.HashMap">
		{CALL insertOrder(#{userid}, 
			#{oseq, mode=OUT, jdbcType=INTEGER})}
	</insert>
	
	<select id="getOrderList" statementType="CALLABLE" parameterType="java.util.HashMap">
		{CALL getOrderList(#{oseq},
			#{orderList_cursor, mode=OUT, jdbcType=CURSOR, javaType=ResultSet, resultMap=orderMap}
		)}
	</select>
	
	<select id="getOrderListById" statementType="CALLABLE" parameterType="java.util.HashMap">
		{CALL getOrderListById(#{id},
			#{ref_cursor, mode=OUT, jdbcType=CURSOR, javaType=ResultSet, resultMap=orderMap}
		)}
	</select>
	
	<select id="getOrderListByIdAll" statementType="CALLABLE" parameterType="java.util.HashMap">
		{CALL getOrderListByIdAll(#{id},
			#{ref_cursor, mode=OUT, jdbcType=CURSOR, javaType=ResultSet, resultMap=orderMap}
		)}
	</select>
	
	<insert id="insertOrderOne" statementType="CALLABLE" parameterType="java.util.HashMap">
		{CALL insertOrderOne(#{id}, #{pseq}, #{quantity}, 
			#{oseq, mode=OUT, jdbcType=INTEGER})}
	</insert>
</mapper>