<?xml version="1.0" encoding="UTF-8"?>
<!DOCTYPE mapper PUBLIC "-//mybatis.org//DTD Mapper 3.0//EN"
	"http://mybatis.org/dtd/mybatis-3-mapper.dtd">
<mapper namespace="com.ezen.spm17.dao.IqnaDao">
	<resultMap id="qnaMap" type="java.util.HashMap"></resultMap>
	
	<select id="getQnaList" statementType="CALLABLE" parameterType="java.util.HashMap">
		{CALL getQnaList(#{id},
			#{ref_cursor, mode=OUT, jdbcType=CURSOR, javaType=ResultSet, resultMap=qnaMap})}
	</select>
	
	<select id="getQnaView" statementType="CALLABLE" parameterType="java.util.HashMap">
		{CALL getQnaView(#{qseq},
			#{ref_cursor, mode=OUT, jdbcType=CURSOR, javaType=ResultSet, resultMap=qnaMap})}
	</select>
	
	<insert id="insertQna" statementType="CALLABLE" parameterType="java.util.HashMap">
		{CALL insertQna(#{id}, #{subject}, #{content})}
	</insert>
	
</mapper>	