<?xml version="1.0" encoding="UTF-8"?>
<!DOCTYPE mapper PUBLIC "-//mybatis.org//DTD Mapper 3.0//EN"
	"http://mybatis.org/dtd/mybatis-3-mapper.dtd">

<mapper namespace="com.ezen.spm17.dao.IproductDao">
	<resultMap id="productMap" type="java.util.HashMap"></resultMap>
	<resultMap id="productMap_2" type="java.util.HashMap"></resultMap>

	<select id="getBestNewProduct" statementType="CALLABLE" parameterType="java.util.HashMap">
		{CALL getBestNewProduct(
			#{ref_cursor_best, mode=OUT, jdbcType=CURSOR, javaType=ResultSet, resultMap=productMap},
			#{ref_cursor_new, mode=OUT, jdbcType=CURSOR, javaType=ResultSet, resultMap=productMap_2}
		)}
	</select>
	
	<select id="getKindList" statementType="CALLABLE" parameterType="java.util.HashMap">
		{CALL getKindList(
			#{kind},
			#{ref_cursor_kind, mode=OUT, jdbcType=CURSOR, javaType=ResultSet, resultMap=productMap}
		)}
	</select>
	
	<select id="getProductDetail" statementType="CALLABLE" parameterType="java.util.HashMap">
		{CALL getProductDetail(
			#{pseq},
			#{product_cursor, mode=OUT, jdbcType=CURSOR, javaType=ResultSet, resultMap=productMap}
		)}
	</select>
</mapper>

